year,transactions,investment,revenue,profit,profit_margin_percentage,roi_percentage
2017,54659,189063.95292000787,563609.3410997529,374545.3881798203,66.45478718450299,198.1051291878409
2018,44368,181466.829450008,512427.2998944277,330960.47044446785,64.5868146589094,182.38069814056217
